scenario_number,stop_index,stop_id,stop_sequence,stop_name,baseline_ridership,scenario_ridership
1,0,901736,1,LINCOLN RD/OCEAN AV,203.8032787,220.1623527
1,1,303710,2,EMPIRE BLVD/WASHINGTON AV,35.02868852,32.8430868
1,2,303711,3,EMPIRE BLVD/BEDFORD AV,11.1454918,12.10923306
1,3,303712,4,EMPIRE BLVD/ROGERS AV,74.83401639,91.9169494
1,4,303713,5,EMPIRE BLVD/NOSTRAND AV,294.5594262,272.4721566
1,5,303714,6,EMPIRE BLVD/NEW YORK AV,39.80532787,42.32940336
1,6,306974,7,EMPIRE BLVD/BROOKLYN AV,15.92213115,15.25662477
1,7,306322,8,EMPIRE BLVD/LAMONT CT,44.58196721,50.52185796
1,8,303717,9,KINGSTON AV/MONTGOMERY ST,27.06762295,30.29580688
1,9,303718,10,KINGSTON AV/CARROLL ST,4.776639344,5.114787103
1,10,308136,11,KINGSTON AV/UNION ST,240.4241803,263.4640076
1,11,303720,12,KINGSTON AV/SAINT JOHNS PL,19.10655738,18.49787848
1,12,303722,13,KINGSTON AV/PROSPECT PL,19.10655738,18.76554838
1,13,303723,14,KINGSTON AV/BERGEN ST,9.553278689,7.978214784
1,14,303724,15,KINGSTON AV/PACIFIC ST,3.18442623,2.832771859
1,15,303725,16,KINGSTON AV/ATLANTIC AV,11.1454918,10.83133451
1,16,303726,17,KINGSTON AV/FULTON ST,366.2090164,310.8199777
1,17,303727,18,THROOP AV/FULTON ST,11.1454918,9.674766948
1,18,303728,19,THROOP AV/MACDONOUGH ST,4.776639344,4.122580022
1,19,303729,20,THROOP AV/HALSEY ST,9.553278689,8.565022407
1,20,303730,21,THROOP AV/JEFFERSON AV,28.65983607,26.74357491
1,21,303731,22,THROOP AV/MADISON ST,30.25204918,25.07583036
1,22,303732,23,THROOP AV/GATES AV,20.69877049,22.78895107
1,23,303733,24,THROOP AV/GREENE AV,19.10655738,19.76931341
1,24,303734,25,THROOP AV/LAFAYETTE AV,22.29098361,23.12178268
1,25,303735,26,THROOP AV/DE KALB AV,46.17418033,48.14458634
1,26,303736,27,THROOP AV/HART ST,81.20286885,78.19410536
1,27,303737,28,THROOP AV/MYRTLE AV,65.2807377,55.20341188
1,28,303738,29,THROOP AV/PARK AV,17.51434426,18.49465122
1,29,304663,30,FLUSHING AV/THROOP AV,41.39754098,34.82355614
1,30,304664,31,FLUSHING AV/BROADWAY,178.3278689,171.1331032
1,31,306600,32,GRAHAM AV/COOK ST,25.47540984,20.35210452
1,32,306676,33,GRAHAM AV/SEIGEL ST,17.51434426,19.1438912
1,33,306677,34,GRAHAM AV/JOHNSON AV,12.73770492,13.15300153
1,34,306474,35,GRAHAM AV/SCHOLES ST,20.69877049,20.30730492
1,35,305263,36,GRAHAM AV/GRAND ST,33.43647541,32.53119344
1,36,305264,37,GRAHAM AV/AINSLIE ST,25.47540984,27.00020542
1,37,305265,38,GRAHAM AV/METROPOLITAN AV,60.50409836,57.31414292
1,38,306476,39,GRAHAM AV/JACKSON ST,114.6393443,99.97477747
1,39,307114,40,GRAHAM AV/MEEKER AV,74.83401639,79.0008397
1,40,306622,41,GRAHAM AV/BAYARD ST,89.16393443,82.67202205
1,41,305271,42,GRAHAM AV/ENGERT AV,49.35860656,51.97510607
1,42,305272,43,GRAHAM AV/DRIGGS AV,49.35860656,47.74772066
1,43,306623,44,DRIGGS AV/LEONARD ST,17.51434426,19.051982
1,44,307121,45,MANHATTAN AV/NASSAU AV,3.18442623,3.140822181
1,45,305155,46,MANHATTAN AV/NORMAN AV,35.02868852,31.03167435
1,46,305156,47,MANHATTAN AV/MESEROLE AV,38.21311475,39.45365118
1,47,305157,48,MANHATTAN AV/CALYER ST,103.4938525,102.8473847
1,48,305159,49,MANHATTAN AV/GREENPOINT AV,93.94057377,84.54891391
1,49,308186,50,MANHATTAN AV/INDIA ST,97.125,101.6713319
1,50,305284,51,MANHATTAN AV/EAGLE ST,101.9016393,102.0759561
1,51,308187,52,MANHATTAN AV/CLAY ST,23.88319672,19.99381195
1,52,305286,53,BOX ST/MANHATTAN AV,116.2315574,124.7925707
2,0,901736,1,LINCOLN RD/OCEAN AV,203.8032787,205.6010272
2,1,303710,2,EMPIRE BLVD/WASHINGTON AV,35.02868852,39.50852524
2,2,303711,3,EMPIRE BLVD/BEDFORD AV,11.1454918,9.227376995
2,3,303712,4,EMPIRE BLVD/ROGERS AV,74.83401639,78.15324113
2,4,303713,5,EMPIRE BLVD/NOSTRAND AV,294.5594262,244.2237864
2,5,303714,6,EMPIRE BLVD/NEW YORK AV,39.80532787,36.5853712
2,6,306974,7,EMPIRE BLVD/BROOKLYN AV,15.92213115,15.87211877
2,7,306322,8,EMPIRE BLVD/LAMONT CT,44.58196721,40.51381589
2,8,303717,9,KINGSTON AV/MONTGOMERY ST,27.06762295,27.28003086
2,9,303718,10,KINGSTON AV/CARROLL ST,4.776639344,4.849720694
2,10,308136,11,KINGSTON AV/UNION ST,240.4241803,257.272004
2,11,303720,12,KINGSTON AV/SAINT JOHNS PL,19.10655738,20.91273397
2,12,303722,13,KINGSTON AV/PROSPECT PL,19.10655738,20.77276242
2,13,303723,14,KINGSTON AV/BERGEN ST,9.553278689,9.807326951
2,14,303724,15,KINGSTON AV/PACIFIC ST,3.18442623,2.700096792
2,15,303725,16,KINGSTON AV/ATLANTIC AV,11.1454918,12.97815976
2,16,303726,17,KINGSTON AV/FULTON ST,366.2090164,399.8156849
2,17,303727,18,THROOP AV/FULTON ST,11.1454918,11.17085036
2,18,303728,19,THROOP AV/MACDONOUGH ST,4.776639344,5.435741896
2,19,303729,20,THROOP AV/HALSEY ST,9.553278689,9.219490077
2,20,303730,21,THROOP AV/JEFFERSON AV,28.65983607,24.46011378
2,21,303731,22,THROOP AV/MADISON ST,30.25204918,28.03388609
2,22,303732,23,THROOP AV/GATES AV,20.69877049,20.38851783
2,23,303733,24,THROOP AV/GREENE AV,19.10655738,19.64859909
2,24,303734,25,THROOP AV/LAFAYETTE AV,22.29098361,23.57163628
2,25,303735,26,THROOP AV/DE KALB AV,46.17418033,45.58179255
2,26,303736,27,THROOP AV/HART ST,81.20286885,77.40087199
2,27,303737,28,THROOP AV/MYRTLE AV,65.2807377,68.85122196
2,28,303738,29,THROOP AV/PARK AV,17.51434426,14.8095607
2,29,304663,30,FLUSHING AV/THROOP AV,41.39754098,44.68616035
2,30,304664,31,FLUSHING AV/BROADWAY,178.3278689,177.4605079
2,31,306600,32,GRAHAM AV/COOK ST,25.47540984,23.72571235
2,32,306676,33,GRAHAM AV/SEIGEL ST,17.51434426,16.5373385
2,33,306677,34,GRAHAM AV/JOHNSON AV,12.73770492,13.24200326
2,34,306474,35,GRAHAM AV/SCHOLES ST,20.69877049,20.8537885
2,35,305263,36,GRAHAM AV/GRAND ST,33.43647541,34.22092142
2,36,305264,37,GRAHAM AV/AINSLIE ST,25.47540984,22.26476175
2,37,305265,38,GRAHAM AV/METROPOLITAN AV,60.50409836,60.2056973
2,38,306476,39,GRAHAM AV/JACKSON ST,114.6393443,117.740398
2,39,307114,40,GRAHAM AV/MEEKER AV,74.83401639,69.33335317
2,40,306622,41,GRAHAM AV/BAYARD ST,89.16393443,102.0335221
2,41,305271,42,GRAHAM AV/ENGERT AV,49.35860656,54.68518169
2,42,305272,43,GRAHAM AV/DRIGGS AV,49.35860656,56.5599772
2,43,306623,44,DRIGGS AV/LEONARD ST,17.51434426,19.28831987
2,44,307121,45,MANHATTAN AV/NASSAU AV,3.18442623,3.535355593
2,45,305155,46,MANHATTAN AV/NORMAN AV,35.02868852,39.84368142
2,46,305156,47,MANHATTAN AV/MESEROLE AV,38.21311475,41.37836792
2,47,305157,48,MANHATTAN AV/CALYER ST,103.4938525,108.7529617
2,48,305159,49,MANHATTAN AV/GREENPOINT AV,93.94057377,110.3463033
2,49,308186,50,MANHATTAN AV/INDIA ST,97.125,83.68475951
2,50,305284,51,MANHATTAN AV/EAGLE ST,101.9016393,78.58460962
2,51,308187,52,MANHATTAN AV/CLAY ST,23.88319672,26.88033271
2,52,305286,53,BOX ST/MANHATTAN AV,116.2315574,105.233641
3,0,901736,1,LINCOLN RD/OCEAN AV,203.8032787,224.9255793
3,1,303710,2,EMPIRE BLVD/WASHINGTON AV,35.02868852,34.8710073
3,2,303711,3,EMPIRE BLVD/BEDFORD AV,11.1454918,13.03589726
3,3,303712,4,EMPIRE BLVD/ROGERS AV,74.83401639,73.80457151
3,4,303713,5,EMPIRE BLVD/NOSTRAND AV,294.5594262,278.157708
3,5,303714,6,EMPIRE BLVD/NEW YORK AV,39.80532787,33.59335747
3,6,306974,7,EMPIRE BLVD/BROOKLYN AV,15.92213115,16.54529906
3,7,306322,8,EMPIRE BLVD/LAMONT CT,44.58196721,48.65251847
3,8,303717,9,KINGSTON AV/MONTGOMERY ST,27.06762295,24.27104513
3,9,303718,10,KINGSTON AV/CARROLL ST,4.776639344,4.962926769
3,10,308136,11,KINGSTON AV/UNION ST,240.4241803,261.547826
3,11,303720,12,KINGSTON AV/SAINT JOHNS PL,19.10655738,16.28828725
3,12,303722,13,KINGSTON AV/PROSPECT PL,19.10655738,16.09550479
3,13,303723,14,KINGSTON AV/BERGEN ST,9.553278689,9.825614156
3,14,303724,15,KINGSTON AV/PACIFIC ST,3.18442623,3.172434614
3,15,303725,16,KINGSTON AV/ATLANTIC AV,11.1454918,13.41960853
3,16,303726,17,KINGSTON AV/FULTON ST,366.2090164,385.0756679
3,17,303727,18,THROOP AV/FULTON ST,11.1454918,12.03941978
3,18,303728,19,THROOP AV/MACDONOUGH ST,4.776639344,4.661769088
3,19,303729,20,THROOP AV/HALSEY ST,9.553278689,9.580359527
3,20,303730,21,THROOP AV/JEFFERSON AV,28.65983607,30.34825885
3,21,303731,22,THROOP AV/MADISON ST,30.25204918,24.18069716
3,22,303732,23,THROOP AV/GATES AV,20.69877049,21.98397999
3,23,303733,24,THROOP AV/GREENE AV,19.10655738,16.3763779
3,24,303734,25,THROOP AV/LAFAYETTE AV,22.29098361,23.68281602
3,25,303735,26,THROOP AV/DE KALB AV,46.17418033,47.46497475
3,26,303736,27,THROOP AV/HART ST,81.20286885,72.22680831
3,27,303737,28,THROOP AV/MYRTLE AV,65.2807377,64.297234
3,28,303738,29,THROOP AV/PARK AV,17.51434426,16.19651194
3,29,304663,30,FLUSHING AV/THROOP AV,41.39754098,38.26772194
3,30,304664,31,FLUSHING AV/BROADWAY,178.3278689,161.3877429
3,31,306600,32,GRAHAM AV/COOK ST,25.47540984,22.99405623
3,32,306676,33,GRAHAM AV/SEIGEL ST,17.51434426,18.06399726
3,33,306677,34,GRAHAM AV/JOHNSON AV,12.73770492,14.52713169
3,34,306474,35,GRAHAM AV/SCHOLES ST,20.69877049,21.29411936
3,35,305263,36,GRAHAM AV/GRAND ST,33.43647541,35.98999724
3,36,305264,37,GRAHAM AV/AINSLIE ST,25.47540984,23.63462108
3,37,305265,38,GRAHAM AV/METROPOLITAN AV,60.50409836,68.29253531
3,38,306476,39,GRAHAM AV/JACKSON ST,114.6393443,121.951728
3,39,307114,40,GRAHAM AV/MEEKER AV,74.83401639,79.4261341
3,40,306622,41,GRAHAM AV/BAYARD ST,89.16393443,70.61939522
3,41,305271,42,GRAHAM AV/ENGERT AV,49.35860656,48.18256289
3,42,305272,43,GRAHAM AV/DRIGGS AV,49.35860656,57.90135617
3,43,306623,44,DRIGGS AV/LEONARD ST,17.51434426,14.91155773
3,44,307121,45,MANHATTAN AV/NASSAU AV,3.18442623,2.930195764
3,45,305155,46,MANHATTAN AV/NORMAN AV,35.02868852,30.4609065
3,46,305156,47,MANHATTAN AV/MESEROLE AV,38.21311475,39.13463456
3,47,305157,48,MANHATTAN AV/CALYER ST,103.4938525,122.3761047
3,48,305159,49,MANHATTAN AV/GREENPOINT AV,93.94057377,96.66613353
3,49,308186,50,MANHATTAN AV/INDIA ST,97.125,108.6052669
3,50,305284,51,MANHATTAN AV/EAGLE ST,101.9016393,99.41375698
3,51,308187,52,MANHATTAN AV/CLAY ST,23.88319672,23.88194369
3,52,305286,53,BOX ST/MANHATTAN AV,116.2315574,127.9529407
4,0,901736,1,LINCOLN RD/OCEAN AV,203.8032787,201.9286032
4,1,303710,2,EMPIRE BLVD/WASHINGTON AV,35.02868852,41.43993918
4,2,303711,3,EMPIRE BLVD/BEDFORD AV,11.1454918,11.41459169
4,3,303712,4,EMPIRE BLVD/ROGERS AV,74.83401639,75.76635879
4,4,303713,5,EMPIRE BLVD/NOSTRAND AV,294.5594262,282.2818511
4,5,303714,6,EMPIRE BLVD/NEW YORK AV,39.80532787,41.58448126
4,6,306974,7,EMPIRE BLVD/BROOKLYN AV,15.92213115,15.58964035
4,7,306322,8,EMPIRE BLVD/LAMONT CT,44.58196721,41.28973131
4,8,303717,9,KINGSTON AV/MONTGOMERY ST,27.06762295,22.62859161
4,9,303718,10,KINGSTON AV/CARROLL ST,4.776639344,4.31334261
4,10,308136,11,KINGSTON AV/UNION ST,240.4241803,234.1976306
4,11,303720,12,KINGSTON AV/SAINT JOHNS PL,19.10655738,17.73084638
4,12,303722,13,KINGSTON AV/PROSPECT PL,19.10655738,16.28547897
4,13,303723,14,KINGSTON AV/BERGEN ST,9.553278689,8.834908023
4,14,303724,15,KINGSTON AV/PACIFIC ST,3.18442623,3.02739609
4,15,303725,16,KINGSTON AV/ATLANTIC AV,11.1454918,10.34651857
4,16,303726,17,KINGSTON AV/FULTON ST,366.2090164,344.3814879
4,17,303727,18,THROOP AV/FULTON ST,11.1454918,10.08829617
4,18,303728,19,THROOP AV/MACDONOUGH ST,4.776639344,5.558250295
4,19,303729,20,THROOP AV/HALSEY ST,9.553278689,8.659353798
4,20,303730,21,THROOP AV/JEFFERSON AV,28.65983607,33.08226391
4,21,303731,22,THROOP AV/MADISON ST,30.25204918,31.34013558
4,22,303732,23,THROOP AV/GATES AV,20.69877049,25.68876584
4,23,303733,24,THROOP AV/GREENE AV,19.10655738,18.61440751
4,24,303734,25,THROOP AV/LAFAYETTE AV,22.29098361,27.25866312
4,25,303735,26,THROOP AV/DE KALB AV,46.17418033,50.99032177
4,26,303736,27,THROOP AV/HART ST,81.20286885,67.73197967
4,27,303737,28,THROOP AV/MYRTLE AV,65.2807377,56.44786295
4,28,303738,29,THROOP AV/PARK AV,17.51434426,17.11554686
4,29,304663,30,FLUSHING AV/THROOP AV,41.39754098,40.66690096
4,30,304664,31,FLUSHING AV/BROADWAY,178.3278689,165.3906908
4,31,306600,32,GRAHAM AV/COOK ST,25.47540984,21.82569217
4,32,306676,33,GRAHAM AV/SEIGEL ST,17.51434426,20.06098181
4,33,306677,34,GRAHAM AV/JOHNSON AV,12.73770492,12.96137379
4,34,306474,35,GRAHAM AV/SCHOLES ST,20.69877049,20.1950101
4,35,305263,36,GRAHAM AV/GRAND ST,33.43647541,34.79525014
4,36,305264,37,GRAHAM AV/AINSLIE ST,25.47540984,24.46505845
4,37,305265,38,GRAHAM AV/METROPOLITAN AV,60.50409836,56.33062304
4,38,306476,39,GRAHAM AV/JACKSON ST,114.6393443,109.5150719
4,39,307114,40,GRAHAM AV/MEEKER AV,74.83401639,59.17711508
4,40,306622,41,GRAHAM AV/BAYARD ST,89.16393443,91.68963856
4,41,305271,42,GRAHAM AV/ENGERT AV,49.35860656,38.32562002
4,42,305272,43,GRAHAM AV/DRIGGS AV,49.35860656,43.14595876
4,43,306623,44,DRIGGS AV/LEONARD ST,17.51434426,17.69961353
4,44,307121,45,MANHATTAN AV/NASSAU AV,3.18442623,3.489766659
4,45,305155,46,MANHATTAN AV/NORMAN AV,35.02868852,36.69105195
4,46,305156,47,MANHATTAN AV/MESEROLE AV,38.21311475,42.6028279
4,47,305157,48,MANHATTAN AV/CALYER ST,103.4938525,101.270238
4,48,305159,49,MANHATTAN AV/GREENPOINT AV,93.94057377,80.3251528
4,49,308186,50,MANHATTAN AV/INDIA ST,97.125,104.3996159
4,50,305284,51,MANHATTAN AV/EAGLE ST,101.9016393,105.5637571
4,51,308187,52,MANHATTAN AV/CLAY ST,23.88319672,22.79029847
4,52,305286,53,BOX ST/MANHATTAN AV,116.2315574,115.2949663
5,0,901736,1,LINCOLN RD/OCEAN AV,203.8032787,221.6073155
5,1,303710,2,EMPIRE BLVD/WASHINGTON AV,35.02868852,39.03929861
5,2,303711,3,EMPIRE BLVD/BEDFORD AV,11.1454918,10.82104393
5,3,303712,4,EMPIRE BLVD/ROGERS AV,74.83401639,74.74137382
5,4,303713,5,EMPIRE BLVD/NOSTRAND AV,294.5594262,276.2159086
5,5,303714,6,EMPIRE BLVD/NEW YORK AV,39.80532787,37.57002448
5,6,306974,7,EMPIRE BLVD/BROOKLYN AV,15.92213115,17.73065167
5,7,306322,8,EMPIRE BLVD/LAMONT CT,44.58196721,38.77487161
5,8,303717,9,KINGSTON AV/MONTGOMERY ST,27.06762295,23.99701049
5,9,303718,10,KINGSTON AV/CARROLL ST,4.776639344,3.823905166
5,10,308136,11,KINGSTON AV/UNION ST,240.4241803,253.6786697
5,11,303720,12,KINGSTON AV/SAINT JOHNS PL,19.10655738,16.76189029
5,12,303722,13,KINGSTON AV/PROSPECT PL,19.10655738,17.01893683
5,13,303723,14,KINGSTON AV/BERGEN ST,9.553278689,9.851605932
5,14,303724,15,KINGSTON AV/PACIFIC ST,3.18442623,3.416751417
5,15,303725,16,KINGSTON AV/ATLANTIC AV,11.1454918,9.600422054
5,16,303726,17,KINGSTON AV/FULTON ST,366.2090164,303.4561825
5,17,303727,18,THROOP AV/FULTON ST,11.1454918,10.32495512
5,18,303728,19,THROOP AV/MACDONOUGH ST,4.776639344,4.4569417
5,19,303729,20,THROOP AV/HALSEY ST,9.553278689,9.310791586
5,20,303730,21,THROOP AV/JEFFERSON AV,28.65983607,30.54735186
5,21,303731,22,THROOP AV/MADISON ST,30.25204918,29.85658264
5,22,303732,23,THROOP AV/GATES AV,20.69877049,20.37607819
5,23,303733,24,THROOP AV/GREENE AV,19.10655738,23.12033531
5,24,303734,25,THROOP AV/LAFAYETTE AV,22.29098361,18.20312356
5,25,303735,26,THROOP AV/DE KALB AV,46.17418033,45.06010892
5,26,303736,27,THROOP AV/HART ST,81.20286885,75.57174889
5,27,303737,28,THROOP AV/MYRTLE AV,65.2807377,51.70207466
5,28,303738,29,THROOP AV/PARK AV,17.51434426,18.56163706
5,29,304663,30,FLUSHING AV/THROOP AV,41.39754098,36.93429336
5,30,304664,31,FLUSHING AV/BROADWAY,178.3278689,205.934196
5,31,306600,32,GRAHAM AV/COOK ST,25.47540984,25.67616914
5,32,306676,33,GRAHAM AV/SEIGEL ST,17.51434426,17.69441274
5,33,306677,34,GRAHAM AV/JOHNSON AV,12.73770492,14.75026354
5,34,306474,35,GRAHAM AV/SCHOLES ST,20.69877049,22.8052668
5,35,305263,36,GRAHAM AV/GRAND ST,33.43647541,35.14253467
5,36,305264,37,GRAHAM AV/AINSLIE ST,25.47540984,24.11437079
5,37,305265,38,GRAHAM AV/METROPOLITAN AV,60.50409836,53.57190015
5,38,306476,39,GRAHAM AV/JACKSON ST,114.6393443,116.2220994
5,39,307114,40,GRAHAM AV/MEEKER AV,74.83401639,77.16153609
5,40,306622,41,GRAHAM AV/BAYARD ST,89.16393443,97.01874974
5,41,305271,42,GRAHAM AV/ENGERT AV,49.35860656,42.71436766
5,42,305272,43,GRAHAM AV/DRIGGS AV,49.35860656,45.73743246
5,43,306623,44,DRIGGS AV/LEONARD ST,17.51434426,14.28667295
5,44,307121,45,MANHATTAN AV/NASSAU AV,3.18442623,3.570758233
5,45,305155,46,MANHATTAN AV/NORMAN AV,35.02868852,36.02425809
5,46,305156,47,MANHATTAN AV/MESEROLE AV,38.21311475,42.76387239
5,47,305157,48,MANHATTAN AV/CALYER ST,103.4938525,85.16267436
5,48,305159,49,MANHATTAN AV/GREENPOINT AV,93.94057377,115.2346688
5,49,308186,50,MANHATTAN AV/INDIA ST,97.125,98.61635201
5,50,305284,51,MANHATTAN AV/EAGLE ST,101.9016393,96.69655368
5,51,308187,52,MANHATTAN AV/CLAY ST,23.88319672,22.48186508
5,52,305286,53,BOX ST/MANHATTAN AV,116.2315574,109.6573227
6,0,901736,1,LINCOLN RD/OCEAN AV,203.8032787,195.4942724
6,1,303710,2,EMPIRE BLVD/WASHINGTON AV,35.02868852,34.78997752
6,2,303711,3,EMPIRE BLVD/BEDFORD AV,11.1454918,10.89173398
6,3,303712,4,EMPIRE BLVD/ROGERS AV,74.83401639,81.6807969
6,4,303713,5,EMPIRE BLVD/NOSTRAND AV,294.5594262,294.8800335
6,5,303714,6,EMPIRE BLVD/NEW YORK AV,39.80532787,37.3476872
6,6,306974,7,EMPIRE BLVD/BROOKLYN AV,15.92213115,13.04212262
6,7,306322,8,EMPIRE BLVD/LAMONT CT,44.58196721,46.60471432
6,8,303717,9,KINGSTON AV/MONTGOMERY ST,27.06762295,24.83993353
6,9,303718,10,KINGSTON AV/CARROLL ST,4.776639344,4.431599692
6,10,308136,11,KINGSTON AV/UNION ST,240.4241803,262.306957
6,11,303720,12,KINGSTON AV/SAINT JOHNS PL,19.10655738,15.84155672
6,12,303722,13,KINGSTON AV/PROSPECT PL,19.10655738,20.1326896
6,13,303723,14,KINGSTON AV/BERGEN ST,9.553278689,9.687870284
6,14,303724,15,KINGSTON AV/PACIFIC ST,3.18442623,3.081660885
6,15,303725,16,KINGSTON AV/ATLANTIC AV,11.1454918,12.30437204
6,16,303726,17,KINGSTON AV/FULTON ST,366.2090164,333.2246943
6,17,303727,18,THROOP AV/FULTON ST,11.1454918,10.78210908
6,18,303728,19,THROOP AV/MACDONOUGH ST,4.776639344,4.469755595
6,19,303729,20,THROOP AV/HALSEY ST,9.553278689,10.11788117
6,20,303730,21,THROOP AV/JEFFERSON AV,28.65983607,26.70235677
6,21,303731,22,THROOP AV/MADISON ST,30.25204918,34.90005013
6,22,303732,23,THROOP AV/GATES AV,20.69877049,20.74673131
6,23,303733,24,THROOP AV/GREENE AV,19.10655738,18.52448388
6,24,303734,25,THROOP AV/LAFAYETTE AV,22.29098361,25.64998364
6,25,303735,26,THROOP AV/DE KALB AV,46.17418033,45.79308684
6,26,303736,27,THROOP AV/HART ST,81.20286885,90.47942217
6,27,303737,28,THROOP AV/MYRTLE AV,65.2807377,75.3267183
6,28,303738,29,THROOP AV/PARK AV,17.51434426,16.53522212
6,29,304663,30,FLUSHING AV/THROOP AV,41.39754098,37.80871375
6,30,304664,31,FLUSHING AV/BROADWAY,178.3278689,194.0326942
6,31,306600,32,GRAHAM AV/COOK ST,25.47540984,21.84371786
6,32,306676,33,GRAHAM AV/SEIGEL ST,17.51434426,15.58211498
6,33,306677,34,GRAHAM AV/JOHNSON AV,12.73770492,13.05325145
6,34,306474,35,GRAHAM AV/SCHOLES ST,20.69877049,21.52035954
6,35,305263,36,GRAHAM AV/GRAND ST,33.43647541,35.29357502
6,36,305264,37,GRAHAM AV/AINSLIE ST,25.47540984,29.04439817
6,37,305265,38,GRAHAM AV/METROPOLITAN AV,60.50409836,56.93825443
6,38,306476,39,GRAHAM AV/JACKSON ST,114.6393443,138.9442119
6,39,307114,40,GRAHAM AV/MEEKER AV,74.83401639,71.86063182
6,40,306622,41,GRAHAM AV/BAYARD ST,89.16393443,75.48633114
6,41,305271,42,GRAHAM AV/ENGERT AV,49.35860656,57.8976618
6,42,305272,43,GRAHAM AV/DRIGGS AV,49.35860656,45.46605468
6,43,306623,44,DRIGGS AV/LEONARD ST,17.51434426,19.64372188
6,44,307121,45,MANHATTAN AV/NASSAU AV,3.18442623,3.321682255
6,45,305155,46,MANHATTAN AV/NORMAN AV,35.02868852,26.91248936
6,46,305156,47,MANHATTAN AV/MESEROLE AV,38.21311475,36.0987542
6,47,305157,48,MANHATTAN AV/CALYER ST,103.4938525,90.39453422
6,48,305159,49,MANHATTAN AV/GREENPOINT AV,93.94057377,97.36502168
6,49,308186,50,MANHATTAN AV/INDIA ST,97.125,103.4910318
6,50,305284,51,MANHATTAN AV/EAGLE ST,101.9016393,118.9718196
6,51,308187,52,MANHATTAN AV/CLAY ST,23.88319672,28.48327869
6,52,305286,53,BOX ST/MANHATTAN AV,116.2315574,105.3907831
7,0,901736,1,LINCOLN RD/OCEAN AV,203.8032787,223.4762836
7,1,303710,2,EMPIRE BLVD/WASHINGTON AV,35.02868852,31.5737939
7,2,303711,3,EMPIRE BLVD/BEDFORD AV,11.1454918,11.645553
7,3,303712,4,EMPIRE BLVD/ROGERS AV,74.83401639,69.72835703
7,4,303713,5,EMPIRE BLVD/NOSTRAND AV,294.5594262,286.3085994
7,5,303714,6,EMPIRE BLVD/NEW YORK AV,39.80532787,35.33283233
7,6,306974,7,EMPIRE BLVD/BROOKLYN AV,15.92213115,14.80695388
7,7,306322,8,EMPIRE BLVD/LAMONT CT,44.58196721,54.47414554
7,8,303717,9,KINGSTON AV/MONTGOMERY ST,27.06762295,21.69144512
7,9,303718,10,KINGSTON AV/CARROLL ST,4.776639344,4.636498093
7,10,308136,11,KINGSTON AV/UNION ST,240.4241803,225.9840228
7,11,303720,12,KINGSTON AV/SAINT JOHNS PL,19.10655738,22.83790227
7,12,303722,13,KINGSTON AV/PROSPECT PL,19.10655738,22.72649771
7,13,303723,14,KINGSTON AV/BERGEN ST,9.553278689,10.18164681
7,14,303724,15,KINGSTON AV/PACIFIC ST,3.18442623,2.732039426
7,15,303725,16,KINGSTON AV/ATLANTIC AV,11.1454918,8.628417438
7,16,303726,17,KINGSTON AV/FULTON ST,366.2090164,306.7076287
7,17,303727,18,THROOP AV/FULTON ST,11.1454918,11.57540551
7,18,303728,19,THROOP AV/MACDONOUGH ST,4.776639344,3.88738558
7,19,303729,20,THROOP AV/HALSEY ST,9.553278689,9.131936536
7,20,303730,21,THROOP AV/JEFFERSON AV,28.65983607,29.19714523
7,21,303731,22,THROOP AV/MADISON ST,30.25204918,32.06032075
7,22,303732,23,THROOP AV/GATES AV,20.69877049,19.30747465
7,23,303733,24,THROOP AV/GREENE AV,19.10655738,19.55549725
7,24,303734,25,THROOP AV/LAFAYETTE AV,22.29098361,19.80819377
7,25,303735,26,THROOP AV/DE KALB AV,46.17418033,54.45842004
7,26,303736,27,THROOP AV/HART ST,81.20286885,81.8603108
7,27,303737,28,THROOP AV/MYRTLE AV,65.2807377,62.18292575
7,28,303738,29,THROOP AV/PARK AV,17.51434426,17.36260423
7,29,304663,30,FLUSHING AV/THROOP AV,41.39754098,37.00622215
7,30,304664,31,FLUSHING AV/BROADWAY,178.3278689,162.8239985
7,31,306600,32,GRAHAM AV/COOK ST,25.47540984,26.48146639
7,32,306676,33,GRAHAM AV/SEIGEL ST,17.51434426,18.4048698
7,33,306677,34,GRAHAM AV/JOHNSON AV,12.73770492,12.10678724
7,34,306474,35,GRAHAM AV/SCHOLES ST,20.69877049,23.12329743
7,35,305263,36,GRAHAM AV/GRAND ST,33.43647541,28.74187013
7,36,305264,37,GRAHAM AV/AINSLIE ST,25.47540984,20.80792405
7,37,305265,38,GRAHAM AV/METROPOLITAN AV,60.50409836,55.72012427
7,38,306476,39,GRAHAM AV/JACKSON ST,114.6393443,129.8945854
7,39,307114,40,GRAHAM AV/MEEKER AV,74.83401639,73.21949144
7,40,306622,41,GRAHAM AV/BAYARD ST,89.16393443,96.59813236
7,41,305271,42,GRAHAM AV/ENGERT AV,49.35860656,53.07133589
7,42,305272,43,GRAHAM AV/DRIGGS AV,49.35860656,47.82349927
7,43,306623,44,DRIGGS AV/LEONARD ST,17.51434426,17.79841938
7,44,307121,45,MANHATTAN AV/NASSAU AV,3.18442623,3.333332576
7,45,305155,46,MANHATTAN AV/NORMAN AV,35.02868852,38.31663491
7,46,305156,47,MANHATTAN AV/MESEROLE AV,38.21311475,39.19442084
7,47,305157,48,MANHATTAN AV/CALYER ST,103.4938525,102.531098
7,48,305159,49,MANHATTAN AV/GREENPOINT AV,93.94057377,95.12351504
7,49,308186,50,MANHATTAN AV/INDIA ST,97.125,112.6973703
7,50,305284,51,MANHATTAN AV/EAGLE ST,101.9016393,93.92208688
7,51,308187,52,MANHATTAN AV/CLAY ST,23.88319672,26.3120253
7,52,305286,53,BOX ST/MANHATTAN AV,116.2315574,140.2287523
8,0,901736,1,LINCOLN RD/OCEAN AV,203.8032787,171.1770364
8,1,303710,2,EMPIRE BLVD/WASHINGTON AV,35.02868852,32.61983635
8,2,303711,3,EMPIRE BLVD/BEDFORD AV,11.1454918,12.15202299
8,3,303712,4,EMPIRE BLVD/ROGERS AV,74.83401639,71.43281875
8,4,303713,5,EMPIRE BLVD/NOSTRAND AV,294.5594262,306.4344954
8,5,303714,6,EMPIRE BLVD/NEW YORK AV,39.80532787,39.69362524
8,6,306974,7,EMPIRE BLVD/BROOKLYN AV,15.92213115,15.97949921
8,7,306322,8,EMPIRE BLVD/LAMONT CT,44.58196721,42.45907441
8,8,303717,9,KINGSTON AV/MONTGOMERY ST,27.06762295,23.21708189
8,9,303718,10,KINGSTON AV/CARROLL ST,4.776639344,4.291023581
8,10,308136,11,KINGSTON AV/UNION ST,240.4241803,273.7723165
8,11,303720,12,KINGSTON AV/SAINT JOHNS PL,19.10655738,20.71723319
8,12,303722,13,KINGSTON AV/PROSPECT PL,19.10655738,21.41137962
8,13,303723,14,KINGSTON AV/BERGEN ST,9.553278689,10.23226049
8,14,303724,15,KINGSTON AV/PACIFIC ST,3.18442623,2.911040118
8,15,303725,16,KINGSTON AV/ATLANTIC AV,11.1454918,9.819579559
8,16,303726,17,KINGSTON AV/FULTON ST,366.2090164,348.7450313
8,17,303727,18,THROOP AV/FULTON ST,11.1454918,9.6016685
8,18,303728,19,THROOP AV/MACDONOUGH ST,4.776639344,4.313559846
8,19,303729,20,THROOP AV/HALSEY ST,9.553278689,10.13655077
8,20,303730,21,THROOP AV/JEFFERSON AV,28.65983607,27.93994384
8,21,303731,22,THROOP AV/MADISON ST,30.25204918,33.30839909
8,22,303732,23,THROOP AV/GATES AV,20.69877049,16.62485015
8,23,303733,24,THROOP AV/GREENE AV,19.10655738,19.14078333
8,24,303734,25,THROOP AV/LAFAYETTE AV,22.29098361,22.49319403
8,25,303735,26,THROOP AV/DE KALB AV,46.17418033,47.8799154
8,26,303736,27,THROOP AV/HART ST,81.20286885,68.91838995
8,27,303737,28,THROOP AV/MYRTLE AV,65.2807377,59.83783014
8,28,303738,29,THROOP AV/PARK AV,17.51434426,20.1067539
8,29,304663,30,FLUSHING AV/THROOP AV,41.39754098,39.48161851
8,30,304664,31,FLUSHING AV/BROADWAY,178.3278689,183.7502841
8,31,306600,32,GRAHAM AV/COOK ST,25.47540984,26.66913325
8,32,306676,33,GRAHAM AV/SEIGEL ST,17.51434426,16.27908738
8,33,306677,34,GRAHAM AV/JOHNSON AV,12.73770492,13.40403855
8,34,306474,35,GRAHAM AV/SCHOLES ST,20.69877049,16.7967068
8,35,305263,36,GRAHAM AV/GRAND ST,33.43647541,33.84968432
8,36,305264,37,GRAHAM AV/AINSLIE ST,25.47540984,26.65273203
8,37,305265,38,GRAHAM AV/METROPOLITAN AV,60.50409836,56.1342476
8,38,306476,39,GRAHAM AV/JACKSON ST,114.6393443,101.1698326
8,39,307114,40,GRAHAM AV/MEEKER AV,74.83401639,76.76211259
8,40,306622,41,GRAHAM AV/BAYARD ST,89.16393443,82.79684284
8,41,305271,42,GRAHAM AV/ENGERT AV,49.35860656,40.98019888
8,42,305272,43,GRAHAM AV/DRIGGS AV,49.35860656,58.02996642
8,43,306623,44,DRIGGS AV/LEONARD ST,17.51434426,15.46211848
8,44,307121,45,MANHATTAN AV/NASSAU AV,3.18442623,3.003635003
8,45,305155,46,MANHATTAN AV/NORMAN AV,35.02868852,31.88606643
8,46,305156,47,MANHATTAN AV/MESEROLE AV,38.21311475,42.15691438
8,47,305157,48,MANHATTAN AV/CALYER ST,103.4938525,95.3710506
8,48,305159,49,MANHATTAN AV/GREENPOINT AV,93.94057377,97.92033986
8,49,308186,50,MANHATTAN AV/INDIA ST,97.125,93.12265871
8,50,305284,51,MANHATTAN AV/EAGLE ST,101.9016393,96.42946114
8,51,308187,52,MANHATTAN AV/CLAY ST,23.88319672,24.45360638
8,52,305286,53,BOX ST/MANHATTAN AV,116.2315574,102.4029308
9,0,901736,1,LINCOLN RD/OCEAN AV,203.8032787,244.5681567
9,1,303710,2,EMPIRE BLVD/WASHINGTON AV,35.02868852,37.93763516
9,2,303711,3,EMPIRE BLVD/BEDFORD AV,11.1454918,10.37802954
9,3,303712,4,EMPIRE BLVD/ROGERS AV,74.83401639,83.29090979
9,4,303713,5,EMPIRE BLVD/NOSTRAND AV,294.5594262,274.3465591
9,5,303714,6,EMPIRE BLVD/NEW YORK AV,39.80532787,42.04311161
9,6,306974,7,EMPIRE BLVD/BROOKLYN AV,15.92213115,14.2856856
9,7,306322,8,EMPIRE BLVD/LAMONT CT,44.58196721,39.5498494
9,8,303717,9,KINGSTON AV/MONTGOMERY ST,27.06762295,26.12227449
9,9,303718,10,KINGSTON AV/CARROLL ST,4.776639344,5.161855933
9,10,308136,11,KINGSTON AV/UNION ST,240.4241803,245.434536
9,11,303720,12,KINGSTON AV/SAINT JOHNS PL,19.10655738,19.9932192
9,12,303722,13,KINGSTON AV/PROSPECT PL,19.10655738,18.92437574
9,13,303723,14,KINGSTON AV/BERGEN ST,9.553278689,9.616958517
9,14,303724,15,KINGSTON AV/PACIFIC ST,3.18442623,3.19915402
9,15,303725,16,KINGSTON AV/ATLANTIC AV,11.1454918,10.19534493
9,16,303726,17,KINGSTON AV/FULTON ST,366.2090164,362.2203775
9,17,303727,18,THROOP AV/FULTON ST,11.1454918,11.45333086
9,18,303728,19,THROOP AV/MACDONOUGH ST,4.776639344,5.270663115
9,19,303729,20,THROOP AV/HALSEY ST,9.553278689,9.520519804
9,20,303730,21,THROOP AV/JEFFERSON AV,28.65983607,28.30343188
9,21,303731,22,THROOP AV/MADISON ST,30.25204918,26.40027551
9,22,303732,23,THROOP AV/GATES AV,20.69877049,19.48670693
9,23,303733,24,THROOP AV/GREENE AV,19.10655738,19.34172655
9,24,303734,25,THROOP AV/LAFAYETTE AV,22.29098361,21.67824936
9,25,303735,26,THROOP AV/DE KALB AV,46.17418033,43.30759964
9,26,303736,27,THROOP AV/HART ST,81.20286885,79.14839195
9,27,303737,28,THROOP AV/MYRTLE AV,65.2807377,56.23274063
9,28,303738,29,THROOP AV/PARK AV,17.51434426,17.0007423
9,29,304663,30,FLUSHING AV/THROOP AV,41.39754098,42.13651958
9,30,304664,31,FLUSHING AV/BROADWAY,178.3278689,164.9538816
9,31,306600,32,GRAHAM AV/COOK ST,25.47540984,27.50584612
9,32,306676,33,GRAHAM AV/SEIGEL ST,17.51434426,18.65314718
9,33,306677,34,GRAHAM AV/JOHNSON AV,12.73770492,10.19611656
9,34,306474,35,GRAHAM AV/SCHOLES ST,20.69877049,23.53658734
9,35,305263,36,GRAHAM AV/GRAND ST,33.43647541,31.25309846
9,36,305264,37,GRAHAM AV/AINSLIE ST,25.47540984,28.45268395
9,37,305265,38,GRAHAM AV/METROPOLITAN AV,60.50409836,61.30223028
9,38,306476,39,GRAHAM AV/JACKSON ST,114.6393443,119.9579701
9,39,307114,40,GRAHAM AV/MEEKER AV,74.83401639,88.17171686
9,40,306622,41,GRAHAM AV/BAYARD ST,89.16393443,83.48790591
9,41,305271,42,GRAHAM AV/ENGERT AV,49.35860656,49.87246277
9,42,305272,43,GRAHAM AV/DRIGGS AV,49.35860656,50.77397312
9,43,306623,44,DRIGGS AV/LEONARD ST,17.51434426,18.50210899
9,44,307121,45,MANHATTAN AV/NASSAU AV,3.18442623,2.583699438
9,45,305155,46,MANHATTAN AV/NORMAN AV,35.02868852,34.11664154
9,46,305156,47,MANHATTAN AV/MESEROLE AV,38.21311475,36.8643155
9,47,305157,48,MANHATTAN AV/CALYER ST,103.4938525,114.533551
9,48,305159,49,MANHATTAN AV/GREENPOINT AV,93.94057377,83.48571719
9,49,308186,50,MANHATTAN AV/INDIA ST,97.125,103.4158914
9,50,305284,51,MANHATTAN AV/EAGLE ST,101.9016393,99.74280976
9,51,308187,52,MANHATTAN AV/CLAY ST,23.88319672,19.62392805
9,52,305286,53,BOX ST/MANHATTAN AV,116.2315574,109.8979248
10,0,901736,1,LINCOLN RD/OCEAN AV,203.8032787,194.7005185
10,1,303710,2,EMPIRE BLVD/WASHINGTON AV,35.02868852,38.04227655
10,2,303711,3,EMPIRE BLVD/BEDFORD AV,11.1454918,11.45219263
10,3,303712,4,EMPIRE BLVD/ROGERS AV,74.83401639,61.02765671
10,4,303713,5,EMPIRE BLVD/NOSTRAND AV,294.5594262,335.4882511
10,5,303714,6,EMPIRE BLVD/NEW YORK AV,39.80532787,43.71505601
10,6,306974,7,EMPIRE BLVD/BROOKLYN AV,15.92213115,15.14295245
10,7,306322,8,EMPIRE BLVD/LAMONT CT,44.58196721,46.90297621
10,8,303717,9,KINGSTON AV/MONTGOMERY ST,27.06762295,27.84814028
10,9,303718,10,KINGSTON AV/CARROLL ST,4.776639344,5.292827638
10,10,308136,11,KINGSTON AV/UNION ST,240.4241803,242.3388514
10,11,303720,12,KINGSTON AV/SAINT JOHNS PL,19.10655738,19.71241715
10,12,303722,13,KINGSTON AV/PROSPECT PL,19.10655738,21.90614773
10,13,303723,14,KINGSTON AV/BERGEN ST,9.553278689,8.280702536
10,14,303724,15,KINGSTON AV/PACIFIC ST,3.18442623,3.417853771
10,15,303725,16,KINGSTON AV/ATLANTIC AV,11.1454918,11.35896626
10,16,303726,17,KINGSTON AV/FULTON ST,366.2090164,416.9963846
10,17,303727,18,THROOP AV/FULTON ST,11.1454918,12.49896046
10,18,303728,19,THROOP AV/MACDONOUGH ST,4.776639344,5.695859167
10,19,303729,20,THROOP AV/HALSEY ST,9.553278689,9.636645071
10,20,303730,21,THROOP AV/JEFFERSON AV,28.65983607,31.96687759
10,21,303731,22,THROOP AV/MADISON ST,30.25204918,23.29124687
10,22,303732,23,THROOP AV/GATES AV,20.69877049,17.58535731
10,23,303733,24,THROOP AV/GREENE AV,19.10655738,16.64988094
10,24,303734,25,THROOP AV/LAFAYETTE AV,22.29098361,26.2780322
10,25,303735,26,THROOP AV/DE KALB AV,46.17418033,50.06722348
10,26,303736,27,THROOP AV/HART ST,81.20286885,85.08279745
10,27,303737,28,THROOP AV/MYRTLE AV,65.2807377,64.39138213
10,28,303738,29,THROOP AV/PARK AV,17.51434426,19.90378908
10,29,304663,30,FLUSHING AV/THROOP AV,41.39754098,36.49657124
10,30,304664,31,FLUSHING AV/BROADWAY,178.3278689,157.2583386
10,31,306600,32,GRAHAM AV/COOK ST,25.47540984,23.85769587
10,32,306676,33,GRAHAM AV/SEIGEL ST,17.51434426,16.20854518
10,33,306677,34,GRAHAM AV/JOHNSON AV,12.73770492,12.71088312
10,34,306474,35,GRAHAM AV/SCHOLES ST,20.69877049,20.5073619
10,35,305263,36,GRAHAM AV/GRAND ST,33.43647541,34.85287787
10,36,305264,37,GRAHAM AV/AINSLIE ST,25.47540984,28.7471569
10,37,305265,38,GRAHAM AV/METROPOLITAN AV,60.50409836,56.80586198
10,38,306476,39,GRAHAM AV/JACKSON ST,114.6393443,94.99152995
10,39,307114,40,GRAHAM AV/MEEKER AV,74.83401639,75.67377595
10,40,306622,41,GRAHAM AV/BAYARD ST,89.16393443,106.0830917
10,41,305271,42,GRAHAM AV/ENGERT AV,49.35860656,45.50978322
10,42,305272,43,GRAHAM AV/DRIGGS AV,49.35860656,53.23810548
10,43,306623,44,DRIGGS AV/LEONARD ST,17.51434426,16.50766388
10,44,307121,45,MANHATTAN AV/NASSAU AV,3.18442623,3.474765911
10,45,305155,46,MANHATTAN AV/NORMAN AV,35.02868852,35.24357282
10,46,305156,47,MANHATTAN AV/MESEROLE AV,38.21311475,38.95609021
10,47,305157,48,MANHATTAN AV/CALYER ST,103.4938525,116.2656506
10,48,305159,49,MANHATTAN AV/GREENPOINT AV,93.94057377,105.2837098
10,49,308186,50,MANHATTAN AV/INDIA ST,97.125,91.74436002
10,50,305284,51,MANHATTAN AV/EAGLE ST,101.9016393,102.3209042
10,51,308187,52,MANHATTAN AV/CLAY ST,23.88319672,19.80544869
10,52,305286,53,BOX ST/MANHATTAN AV,116.2315574,90.8525568
